model,sample_size,vocab_size,cross_entropy,perplexity,accuracy
mkn_bigram,2e+05,44693,8.66255435872885,405.217974189594,0.159998332916562
mkn_trigram,2e+05,44693,7.89238862894151,237.599605238783,0.248723989006675
mkn_quadgram,2e+05,44693,7.94551280505752,246.511784324069,0.286812801123129
mkn_quadgram,5e+05,71716,7.61940896907305,196.639449139064,0.293583535108959
mkn_quadgram,750000,88508,7.45578667622179,175.555900486528,0.293926558170642
mkn_quadgram,1e+06,103089,7.3394751731837,161.957915898855,0.298974652910457
mkn_quadgram,1250000,116105,7.25200210013313,152.429898610964,0.301442261772104
mkn_quadgram,1500000,127993,7.1663863165326,143.647225381458,0.306284222590093
